{"cameraMode":{"drawMode":0,"name":"Shaded","section":"Shading Mode"},"sceneLighting":false,"audioPlay":false,"sceneViewState":{"m_AlwaysRefresh":false,"showFog":true,"showSkybox":false,"showFlares":true,"showImageEffects":true,"showParticleSystems":true,"showVisualEffectGraphs":true,"m_FxEnabled":true},"in2DMode":false,"pivot":{"x":0.12140185385942459,"y":-0.7566027641296387,"z":2.539048671722412},"rotation":{"x":-0.22103218734264375,"y":0.6723933815956116,"z":-0.22156314551830293,"w":-0.6707820296287537},"size":1.8218910694122315,"orthographic":false}